Title, Price 
Acanthocereus tetragonus Fairy Castle Cactus,$ 10.99
Echinocereus albiflora,$ 14.99
Gymnocalicyum amerhuaseri,$ 9.99
Gymnocalicyum marquezii,$ 12.99
Melocactus conoideus,$ 19.99
Melocactus guitartii,$ 10.99
2 inch assorted cactus 16 pack,$ 40.00
2 inch assorted cactus 4 pack,$ 14.99
2 inch assorted cactus 9 pack,$ 26.00
Astrophytum myriostigma var. nudum,$ 12.99
Buiningia brevicylindrica var. longispina,$ 10.99
Cephalocereus senilis,$ 14.99
Cereus aethiops,$ 14.99
Cleistocactus straussii silver torch,$ 11.99
Copiapoa hypogaea barquitensis,$ 12.99
Disocactus arneispinus,$ 8.50
Disocactus crystallopfhilus,$ 8.25
Echinocactus grusonii from 3 to 10 inches Specimen,$ 9.99
Echinocactus grusonii from 3 to 10 inches Specimen,from $ 9.99
Echinocereus adustus,$ 8.50
Echinocereus armatus,$ 8.50
Echinocereus ferreirianus,$ 14.99
Echinocereus morricalii,$ 9.25
Echinocereus pacificus,$ 9.99
Echinocereus pentalophus,$ 9.99
Echinocereus pulchellus weinbergii,$ 9.99
Echinocereus reichenbachii albispinus,$ 9.50
Echinocereus triglochidiatus,$ 14.99
Echinocereus viridiflorus davisii,$ 9.99
Echinocereus websterianus,$ 8.50
Echinocereus websterianus,$ 8.50
Echinofossulocactus albatus,$ 9.99
Echinofossulocactus longispinus,$ 8.50
Echinofossulocactus ochoterenae,$ 8.99
Echinofossulocactus phyllacanthus v. violaciflora,$ 8.50
Echinofossulocactus zacatecasensis,$ 12.99
Echinopsis leucomalla cob cactus,$ 8.25
Echinopsis melanopotamica,$ 14.99
Echinopsis Sierra Grandensis,$ 11.99
Echinopsis subdenudata fuzzy navel,$ 8.25
Eriosyce oculta,$ 11.99
Escontria chiotilla,$ 8.75
Espostoa melanostele,$ 8.75
False saguaro Cordon Pachycereus pringlei Small,$ 12.50
Ferocactus chrysacanthus,$ 14.99
Ferocactus hamatocactus hamatacanthus,$ 9.50
Ferocactus latispinus,$ 10.99
Ferocactus latispinus Devil's Tongue,$ 10.99
Ferocactus pottsii alamosanus,$ 8.99
Frailea buenekeri,$ 8.50
Frailea castanea,$ 19.99
Frailea heliosa,$ 8.50
Frailera gloriosa,$ 10.99
Gymnocalicium bruchii,$ 9.50
Gymnocalicium tucavocense damsii,$ 8.75
Gymnocalycium buenekeri,$ 8.99
Gymnocalycium cardenasianum,$ 9.99
Gymnocalycium carolinense,$ 7.75
Gymnocalycium damsii var. rotundulum,$ 9.99
Gymnocalycium denudatum brasillense,$ 10.99
Gymnocalycium lukasikii,$ 8.50
Gymnocalycium matznetteri,$ 9.50
Gymnocalycium mesopotamicum,$ 9.50
Gymnocalycium mihanovichii hibotam red,$ 8.50
Gymnocalycium mihanovichii Hibotan pink,$ 8.50
Gymnocalycium mihanovichii orange,$ 8.50
Gymnocalycium multiflorum,$ 8.99
Gymnocalycium occultum,$ 9.99
Gymnocalycium pflanzii albipulpa,$ 9.99
Gymnocalycium piricarpum,$ 8.60
Gymnocalycium riograndense,$ 12.99
Gymnocalycium saglionis,$ 7.50
Gymnocalycium schatzlianum mackieanus,$ 9.99
Gymnocalycium stellatum asterium,$ 9.99
Gymnocalycium vatteri Paucispinum,$ 11.99
Hamatocactus setispinus,$ 8.50
Haworthia chloracantha,$ 8.50
Hylocereus undatus Pitahaya Dragon Fruit cutting,$ 9.99
Isolatocereus Dumortieri,$ 11.99
Leuchtenbergia principis,$ 11.99
